{
    "name": "root",
    "gauges": {
        "AirHockeyBrain.Policy.Entropy.mean": {
            "value": 0.1350940316915512,
            "min": 0.12632295489311218,
            "max": 0.3490472435951233,
            "count": 2152
        },
        "AirHockeyBrain.Policy.Entropy.sum": {
            "value": 853.5240478515625,
            "min": 853.5240478515625,
            "max": 4454.89599609375,
            "count": 2152
        },
        "AirHockeyBrain.Environment.EpisodeLength.mean": {
            "value": 126.30379746835443,
            "min": 29.979166666666668,
            "max": 170.0,
            "count": 2152
        },
        "AirHockeyBrain.Environment.EpisodeLength.sum": {
            "value": 9978.0,
            "min": 2878.0,
            "max": 11050.0,
            "count": 2152
        },
        "AirHockeyBrain.Step.mean": {
            "value": 95149930.0,
            "min": 73639957.0,
            "max": 95149930.0,
            "count": 2152
        },
        "AirHockeyBrain.Step.sum": {
            "value": 95149930.0,
            "min": 73639957.0,
            "max": 95149930.0,
            "count": 2152
        },
        "AirHockeyBrain.Policy.ExtrinsicValueEstimate.mean": {
            "value": 6.042352676391602,
            "min": 3.12058162689209,
            "max": 8.073807716369629,
            "count": 2152
        },
        "AirHockeyBrain.Policy.ExtrinsicValueEstimate.sum": {
            "value": 477.3458557128906,
            "min": 203.96231079101562,
            "max": 804.691650390625,
            "count": 2152
        },
        "AirHockeyBrain.Environment.CumulativeReward.mean": {
            "value": 9.547458225601837,
            "min": 1.5783573010611156,
            "max": 19.330771514702413,
            "count": 2152
        },
        "AirHockeyBrain.Environment.CumulativeReward.sum": {
            "value": 754.249199822545,
            "min": 99.43650996685028,
            "max": 1789.5941734761,
            "count": 2152
        },
        "AirHockeyBrain.Policy.ExtrinsicReward.mean": {
            "value": 9.547458225601837,
            "min": 1.5783573010611156,
            "max": 19.330771514702413,
            "count": 2152
        },
        "AirHockeyBrain.Policy.ExtrinsicReward.sum": {
            "value": 754.249199822545,
            "min": 99.43650996685028,
            "max": 1789.5941734761,
            "count": 2152
        },
        "AirHockeyBrain.IsTraining.mean": {
            "value": 1.0,
            "min": 1.0,
            "max": 1.0,
            "count": 2152
        },
        "AirHockeyBrain.IsTraining.sum": {
            "value": 1.0,
            "min": 1.0,
            "max": 1.0,
            "count": 2152
        },
        "AirHockeyBrain.Losses.PolicyLoss.mean": {
            "value": 0.0279895204740266,
            "min": 0.014110350639869769,
            "max": 0.03910537716001272,
            "count": 2066
        },
        "AirHockeyBrain.Losses.PolicyLoss.sum": {
            "value": 0.0279895204740266,
            "min": 0.014110350639869769,
            "max": 0.03910537716001272,
            "count": 2066
        },
        "AirHockeyBrain.Losses.ValueLoss.mean": {
            "value": 33.442328453063965,
            "min": 18.03213208516439,
            "max": 65.819744237264,
            "count": 2066
        },
        "AirHockeyBrain.Losses.ValueLoss.sum": {
            "value": 33.442328453063965,
            "min": 18.03213208516439,
            "max": 65.819744237264,
            "count": 2066
        },
        "AirHockeyBrain.Policy.LearningRate.mean": {
            "value": 1.4557262147611007e-05,
            "min": 1.4557262147611007e-05,
            "max": 7.904667165113403e-05,
            "count": 2066
        },
        "AirHockeyBrain.Policy.LearningRate.sum": {
            "value": 1.4557262147611007e-05,
            "min": 1.4557262147611007e-05,
            "max": 7.904667165113403e-05,
            "count": 2066
        },
        "AirHockeyBrain.Policy.Epsilon.mean": {
            "value": 0.10485238899999999,
            "min": 0.10485238899999999,
            "max": 0.12634886599999998,
            "count": 2066
        },
        "AirHockeyBrain.Policy.Epsilon.sum": {
            "value": 0.10485238899999999,
            "min": 0.10485238899999999,
            "max": 0.12634886599999998,
            "count": 2066
        },
        "AirHockeyBrain.Policy.Beta.mean": {
            "value": 0.0002521342111,
            "min": 0.0002521342111,
            "max": 0.0013248084134,
            "count": 2066
        },
        "AirHockeyBrain.Policy.Beta.sum": {
            "value": 0.0002521342111,
            "min": 0.0002521342111,
            "max": 0.0013248084134,
            "count": 2066
        }
    },
    "metadata": {
        "timer_format_version": "0.1.0",
        "start_time_seconds": "1749743681",
        "python_version": "3.10.12 | packaged by conda-forge | (main, Jun 23 2023, 22:34:57) [MSC v.1936 64 bit (AMD64)]",
        "command_line_arguments": "C:\\Users\\guilh\\anaconda3\\envs\\unity310\\Scripts\\mlagents-learn --env D:\\turing\\AirHockeyRL-main\\builds\\AirHockeyRL.exe --run-id=AirHockey --time-scale=2 --resume --no-graphics Assets/ML-Agents/Configs/air_hockey.yaml",
        "mlagents_version": "1.1.0",
        "mlagents_envs_version": "1.1.0",
        "communication_protocol_version": "1.5.0",
        "pytorch_version": "2.2.2+cu121",
        "numpy_version": "1.23.5",
        "end_time_seconds": "1749871382"
    },
    "total": 127734.4047446,
    "count": 1,
    "self": 0.9982384000031743,
    "children": {
        "run_training.setup": {
            "total": 0.2352895000076387,
            "count": 1,
            "self": 0.2352895000076387
        },
        "TrainerController.start_learning": {
            "total": 127733.1712167,
            "count": 1,
            "self": 21.78492277249461,
            "children": {
                "TrainerController._reset_env": {
                    "total": 12.081266900000628,
                    "count": 1,
                    "self": 12.081266900000628
                },
                "TrainerController.advance": {
                    "total": 127698.11435222748,
                    "count": 555230,
                    "self": 23.82492071032175,
                    "children": {
                        "env_step": {
                            "total": 39062.348137027264,
                            "count": 555230,
                            "self": 17743.31180045579,
                            "children": {
                                "SubprocessEnvManager._take_step": {
                                    "total": 21305.15605838687,
                                    "count": 555230,
                                    "self": 92.62945160604431,
                                    "children": {
                                        "TorchPolicy.evaluate": {
                                            "total": 21212.526606780826,
                                            "count": 502703,
                                            "self": 21212.526606780826
                                        }
                                    }
                                },
                                "workers": {
                                    "total": 13.880278184602503,
                                    "count": 555230,
                                    "self": 0.0,
                                    "children": {
                                        "worker_root": {
                                            "total": 127692.89030619912,
                                            "count": 555230,
                                            "is_parallel": true,
                                            "self": 112686.20761789996,