{
    "name": "root",
    "gauges": {
        "AirHockeyBrain.Policy.Entropy.mean": {
            "value": 1.5353208780288696,
            "min": 1.5353208780288696,
            "max": 1.5912196636199951,
            "count": 12
        },
        "AirHockeyBrain.Policy.Entropy.sum": {
            "value": 13893.119140625,
            "min": 13893.119140625,
            "max": 17079.69140625,
            "count": 12
        },
        "AirHockeyBrain.Environment.EpisodeLength.mean": {
            "value": 147.15384615384616,
            "min": 143.0655737704918,
            "max": 174.73684210526315,
            "count": 12
        },
        "AirHockeyBrain.Environment.EpisodeLength.sum": {
            "value": 9565.0,
            "min": 8727.0,
            "max": 10301.0,
            "count": 12
        },
        "AirHockeyBrain.Step.mean": {
            "value": 149811.0,
            "min": 39834.0,
            "max": 149811.0,
            "count": 12
        },
        "AirHockeyBrain.Step.sum": {
            "value": 149811.0,
            "min": 39834.0,
            "max": 149811.0,
            "count": 12
        },
        "AirHockeyBrain.Policy.ExtrinsicValueEstimate.mean": {
            "value": 0.016404632478952408,
            "min": -0.7750917077064514,
            "max": 1.7037984132766724,
            "count": 12
        },
        "AirHockeyBrain.Policy.ExtrinsicValueEstimate.sum": {
            "value": 1.0827057361602783,
            "min": -46.50550079345703,
            "max": 110.74689483642578,
            "count": 12
        },
        "AirHockeyBrain.Environment.CumulativeReward.mean": {
            "value": 2.6637795876824493,
            "min": -1.9168140904357036,
            "max": 3.0065354695686928,
            "count": 12
        },
        "AirHockeyBrain.Environment.CumulativeReward.sum": {
            "value": 175.80945278704166,
            "min": -115.00884542614222,
            "max": 195.42480552196503,
            "count": 12
        },
        "AirHockeyBrain.Policy.ExtrinsicReward.mean": {
            "value": 2.6637795876824493,
            "min": -1.9168140904357036,
            "max": 3.0065354695686928,
            "count": 12
        },
        "AirHockeyBrain.Policy.ExtrinsicReward.sum": {
            "value": 175.80945278704166,
            "min": -115.00884542614222,
            "max": 195.42480552196503,
            "count": 12
        },
        "AirHockeyBrain.IsTraining.mean": {
            "value": 1.0,
            "min": 1.0,
            "max": 1.0,
            "count": 12
        },
        "AirHockeyBrain.IsTraining.sum": {
            "value": 1.0,
            "min": 1.0,
            "max": 1.0,
            "count": 12
        },
        "AirHockeyBrain.Losses.PolicyLoss.mean": {
            "value": 0.025863467537177106,
            "min": 0.01896584310258428,
            "max": 0.026911233559561272,
            "count": 11
        },
        "AirHockeyBrain.Losses.PolicyLoss.sum": {
            "value": 0.025863467537177106,
            "min": 0.01896584310258428,
            "max": 0.026911233559561272,
            "count": 11
        },
        "AirHockeyBrain.Losses.ValueLoss.mean": {
            "value": 15.663906701405843,
            "min": 6.392631101608276,
            "max": 15.663906701405843,
            "count": 11
        },
        "AirHockeyBrain.Losses.ValueLoss.sum": {
            "value": 15.663906701405843,
            "min": 6.392631101608276,
            "max": 15.663906701405843,
            "count": 11
        },
        "AirHockeyBrain.Policy.LearningRate.mean": {
            "value": 0.00029956254314581903,
            "min": 0.00029956254314581903,
            "max": 0.00029987496304167906,
            "count": 11
        },
        "AirHockeyBrain.Policy.LearningRate.sum": {
            "value": 0.00029956254314581903,
            "min": 0.00029956254314581903,
            "max": 0.00029987496304167906,
            "count": 11
        },
        "AirHockeyBrain.Policy.Epsilon.mean": {
            "value": 0.19985418100000002,
            "min": 0.19985418100000002,
            "max": 0.1999583210000001,
            "count": 11
        },
        "AirHockeyBrain.Policy.Epsilon.sum": {
            "value": 0.19985418100000002,
            "min": 0.19985418100000002,
            "max": 0.1999583210000001,
            "count": 11
        },
        "AirHockeyBrain.Policy.Beta.mean": {
            "value": 0.004992723631900001,
            "min": 0.004992723631900001,
            "max": 0.0049979202179000004,
            "count": 11
        },
        "AirHockeyBrain.Policy.Beta.sum": {
            "value": 0.004992723631900001,
            "min": 0.004992723631900001,
            "max": 0.0049979202179000004,
            "count": 11
        }
    },
    "metadata": {
        "timer_format_version": "0.1.0",
        "start_time_seconds": "1773101085",
        "python_version": "3.10.12 | packaged by conda-forge | (main, Jun 23 2023, 22:34:57) [MSC v.1936 64 bit (AMD64)]",
        "command_line_arguments": "C:\\Users\\guilh\\anaconda3\\envs\\ml_agents\\lib\\site-packages\\mlagents\\trainers\\learn.py Assets/ML-Agents/Configs/air_hockey.yaml --run-id AirHockey --time-scale 20 --resume",
        "mlagents_version": "1.1.0",
        "mlagents_envs_version": "1.1.0",
        "communication_protocol_version": "1.5.0",
        "pytorch_version": "2.10.0+cpu",
        "numpy_version": "1.23.5",
        "end_time_seconds": "1773101318"
    },
    "total": 232.89111539999976,
    "count": 1,
    "self": 0.005408499999703054,
    "children": {
        "run_training.setup": {
            "total": 0.10203890000002502,
            "count": 1,
            "self": 0.10203890000002502
        },
        "TrainerController.start_learning": {
            "total": 232.78366800000003,
            "count": 1,
            "self": 0.311322199998358,
            "children": {
                "TrainerController._reset_env": {
                    "total": 21.07021369999984,
                    "count": 1,
                    "self": 21.07021369999984
                },
                "TrainerController.advance": {
                    "total": 211.34244570000192,
                    "count": 14688,
                    "self": 0.31035250001605164,
                    "children": {
                        "env_step": {
                            "total": 149.0871941000164,
                            "count": 14688,
                            "self": 120.73365490001697,
                            "children": {
                                "SubprocessEnvManager._take_step": {
                                    "total": 28.14749650001113,
                                    "count": 14688,
                                    "self": 1.0267728999770043,
                                    "children": {
                                        "TorchPolicy.evaluate": {
                                            "total": 27.120723600034125,
                                            "count": 14450,
                                            "self": 27.120723600034125
                                        }
                                    }
                                },
                                "workers": {
                                    "total": 0.20604269998830205,
                                    "count": 14688,
                                    "self": 0.0,
                                    "children": {
                                        "worker_root": {
                                            "total": 210.93605789999583,
                                            "count": 14688,
                                            "is_parallel": true,
                                            "self": 110.44001900003059,