{
    "name": "root",
    "metadata": {
        "timer_format_version": "0.1.0",
        "start_time_seconds": "1745885224",
        "python_version": "3.10.12 | packaged by conda-forge | (main, Jun 23 2023, 22:34:57) [MSC v.1936 64 bit (AMD64)]",
        "command_line_arguments": "C:\\Users\\guilh\\anaconda3\\envs\\unity310\\Scripts\\mlagents-learn Assets/ML-Agents/Configs/air_hockey.yaml --run-id Experiment14 --time-scale 2",
        "mlagents_version": "1.1.0",
        "mlagents_envs_version": "1.1.0",
        "communication_protocol_version": "1.5.0",
        "pytorch_version": "2.2.2+cu121",
        "numpy_version": "1.23.5",
        "end_time_seconds": "1745885347"
    },
    "total": 123.22672020000755,
    "count": 1,
    "self": 0.014025600015884265,
    "children": {
        "run_training.setup": {
            "total": 0.14839779998874292,
            "count": 1,
            "self": 0.14839779998874292
        },
        "TrainerController.start_learning": {
            "total": 123.06429680000292,
            "count": 1,
            "self": 0.005493799922987819,
            "children": {
                "TrainerController._reset_env": {
                    "total": 50.48436510001193,
                    "count": 1,
                    "self": 50.48436510001193
                },
                "TrainerController.advance": {
                    "total": 72.3415097000543,
                    "count": 154,
                    "self": 0.005463000008603558,
                    "children": {
                        "env_step": {
                            "total": 72.22238710007514,
                            "count": 154,
                            "self": 70.88861929997802,
                            "children": {
                                "SubprocessEnvManager._take_step": {
                                    "total": 1.3307481000083499,
                                    "count": 154,
                                    "self": 0.020564199949149042,
                                    "children": {
                                        "TorchPolicy.evaluate": {
                                            "total": 1.3101839000592008,
                                            "count": 150,
                                            "self": 1.3101839000592008
                                        }
                                    }
                                },
                                "workers": {
                                    "total": 0.00301970008877106,
                                    "count": 153,
                                    "self": 0.0,
                                    "children": {
                                        "worker_root": {
                                            "total": 11.489082199783297,
                                            "count": 153,
                                            "is_parallel": true,
                                            "self": 4.185275799623923,
                                            "children": {
                                                "steps_from_proto": {
                                                    "total": 0.0007825999928172678,
                                                    "count": 1,
                                                    "is_parallel": true,
                                                    "self": 0.0003981000045314431,
                                                    "children": {
                                                        "_process_rank_one_or_two_observation": {
                                                            "total": 0.00038449998828582466,
                                                            "count": 2,
                                                            "is_parallel": true,
                                                            "self": 0.00038449998828582466
                                                        }
                                                    }
                                                },
                                                "UnityEnvironment.step": {
                                                    "total": 7.303023800166557,
                                                    "count": 153,
                                                    "is_parallel": true,
                                                    "self": 0.036939100245945156,
                                                    "children": {
                                                        "UnityEnvironment._generate_step_input": {
                                                            "total": 0.0780932999914512,
                                                            "count": 153,
                                                            "is_parallel": true,
                                                            "self": 0.0780932999914512
                                                        },
                                                        "communicator.exchange": {
                                                            "total": 7.094329499988817,
                                                            "count": 153,
                                                            "is_parallel": true,
                                                            "self": 7.094329499988817
                                                        },
                                                        "steps_from_proto": {
                                                            "total": 0.09366189994034357,
                                                            "count": 306,
                                                            "is_parallel": true,
                                                            "self": 0.051592700416222215,
                                                            "children": {
                                                                "_process_rank_one_or_two_observation": {
                                                                    "total": 0.04206919952412136,
                                                                    "count": 612,
                                                                    "is_parallel": true,
                                                                    "self": 0.04206919952412136
                                                                }
                                                            }
                                                        }
                                                    }
                                                }
                                            }
                                        }
                                    }
                                }
                            }
                        },
                        "trainer_advance": {
                            "total": 0.11365959997056052,
                            "count": 153,
                            "self": 0.013203599897678941,
                            "children": {
                                "process_trajectory": {
                                    "total": 0.10045600007288158,
                                    "count": 153,
                                    "self": 0.10045600007288158
                                }
                            }
                        }
                    }
                },
                "TrainerController._save_models": {
                    "total": 0.23292820001370274,
                    "count": 1,
                    "self": 0.016314400010742247,
                    "children": {
                        "RLTrainer._checkpoint": {
                            "total": 0.2166138000029605,
                            "count": 1,