{
    "name": "root",
    "metadata": {
        "timer_format_version": "0.1.0",
        "start_time_seconds": "1745847826",
        "python_version": "3.10.12 | packaged by conda-forge | (main, Jun 23 2023, 22:34:57) [MSC v.1936 64 bit (AMD64)]",
        "command_line_arguments": "C:\\Users\\guilh\\anaconda3\\envs\\unity310\\Scripts\\mlagents-learn Assets/ML-Agents/Configs/air_hockey.yaml --run-id air_hockey_run1 --time-scale 20 --no-graphics",
        "mlagents_version": "1.1.0",
        "mlagents_envs_version": "1.1.0",
        "communication_protocol_version": "1.5.0",
        "pytorch_version": "2.2.2+cu121",
        "numpy_version": "1.23.5",
        "end_time_seconds": "1745848011"
    },
    "total": 184.93885760000558,
    "count": 1,
    "self": 0.023448599997209385,
    "children": {
        "run_training.setup": {
            "total": 0.2366428000095766,
            "count": 1,
            "self": 0.2366428000095766
        },
        "TrainerController.start_learning": {
            "total": 184.6787661999988,
            "count": 1,
            "self": 0.0002237000153400004,
            "children": {
                "TrainerController._reset_env": {
                    "total": 60.77050710000913,
                    "count": 1,
                    "self": 60.77050710000913
                },
                "TrainerController.advance": {
                    "total": 123.22110679998877,
                    "count": 1,
                    "self": 3.29999893438071e-05,
                    "children": {
                        "env_step": {
                            "total": 123.22107379999943,
                            "count": 1,
                            "self": 123.22105250001187,
                            "children": {
                                "SubprocessEnvManager._take_step": {
                                    "total": 2.1299987565726042e-05,
                                    "count": 1,
                                    "self": 2.1299987565726042e-05
                                }
                            }
                        }
                    }
                },
                "TrainerController._save_models": {
                    "total": 0.6869285999855492,
                    "count": 1,
                    "self": 0.04028219997417182,
                    "children": {
                        "RLTrainer._checkpoint": {
                            "total": 0.6466464000113774,
                            "count": 1,
                            "self": 0.6466464000113774
                        }
                    }
                }
            }
        }
    }
}