{
    "name": "root",
    "metadata": {
        "timer_format_version": "0.1.0",
        "start_time_seconds": "1745883761",
        "python_version": "3.10.12 | packaged by conda-forge | (main, Jun 23 2023, 22:34:57) [MSC v.1936 64 bit (AMD64)]",
        "command_line_arguments": "C:\\Users\\guilh\\anaconda3\\envs\\unity310\\Scripts\\mlagents-learn Assets/ML-Agents/Configs/air_hockey.yaml --run-id Experiment12 --time-scale 10",
        "mlagents_version": "1.1.0",
        "mlagents_envs_version": "1.1.0",
        "communication_protocol_version": "1.5.0",
        "pytorch_version": "2.2.2+cu121",
        "numpy_version": "1.23.5",
        "end_time_seconds": "1745883892"
    },
    "total": 131.4135879999958,
    "count": 1,
    "self": 0.014921499998308718,
    "children": {
        "run_training.setup": {
            "total": 0.1397452999954112,
            "count": 1,
            "self": 0.1397452999954112
        },
        "TrainerController.start_learning": {
            "total": 131.25892120000208,
            "count": 1,
            "self": 0.011892899958183989,
            "children": {
                "TrainerController._reset_env": {
                    "total": 43.66974059998756,
                    "count": 1,
                    "self": 43.66974059998756
                },
                "TrainerController.advance": {
                    "total": 87.31304000003729,
                    "count": 337,
                    "self": 0.012303799449000508,
                    "children": {
                        "env_step": {
                            "total": 85.60834240014083,
                            "count": 337,
                            "self": 82.27379130024929,
                            "children": {
                                "SubprocessEnvManager._take_step": {
                                    "total": 3.3278385997691657,
                                    "count": 337,
                                    "self": 0.04577129959943704,
                                    "children": {
                                        "TorchPolicy.evaluate": {
                                            "total": 3.2820673001697287,
                                            "count": 331,
                                            "self": 3.2820673001697287
                                        }
                                    }
                                },
                                "workers": {
                                    "total": 0.006712500122375786,
                                    "count": 336,
                                    "self": 0.0,
                                    "children": {
                                        "worker_root": {
                                            "total": 26.779482899961295,
                                            "count": 336,
                                            "is_parallel": true,
                                            "self": 8.59307010017801,
                                            "children": {
                                                "steps_from_proto": {
                                                    "total": 0.0007915000023785979,
                                                    "count": 1,
                                                    "is_parallel": true,
                                                    "self": 0.0003729000163730234,
                                                    "children": {
                                                        "_process_rank_one_or_two_observation": {
                                                            "total": 0.00041859998600557446,
                                                            "count": 2,
                                                            "is_parallel": true,
                                                            "self": 0.00041859998600557446
                                                        }
                                                    }
                                                },
                                                "UnityEnvironment.step": {
                                                    "total": 18.185621299780905,
                                                    "count": 336,
                                                    "is_parallel": true,
                                                    "self": 0.08360750004067086,
                                                    "children": {
                                                        "UnityEnvironment._generate_step_input": {
                                                            "total": 0.17445109988329932,
                                                            "count": 336,
                                                            "is_parallel": true,
                                                            "self": 0.17445109988329932
                                                        },
                                                        "communicator.exchange": {
                                                            "total": 17.718604099936783,
                                                            "count": 336,
                                                            "is_parallel": true,
                                                            "self": 17.718604099936783
                                                        },
                                                        "steps_from_proto": {
                                                            "total": 0.20895859992015176,
                                                            "count": 672,
                                                            "is_parallel": true,
                                                            "self": 0.11381200060714036,
                                                            "children": {
                                                                "_process_rank_one_or_two_observation": {
                                                                    "total": 0.09514659931301139,
                                                                    "count": 1344,
                                                                    "is_parallel": true,
                                                                    "self": 0.09514659931301139
                                                                }
                                                            }
                                                        }
                                                    }
                                                }
                                            }
                                        }
                                    }
                                }
                            }
                        },
                        "trainer_advance": {
                            "total": 1.6923938004474621,
                            "count": 336,
                            "self": 0.037064500560518354,
                            "children": {
                                "process_trajectory": {
                                    "total": 1.6553292998869438,
                                    "count": 336,
                                    "self": 1.6553292998869438
                                }
                            }
                        }
                    }
                },
                "TrainerController._save_models": {
                    "total": 0.2642477000190411,
                    "count": 1,
                    "self": 0.017081099998904392,
                    "children": {
                        "RLTrainer._checkpoint": {
                            "total": 0.24716660002013668,
                            "count": 1,