{
    "name": "root",
    "metadata": {
        "timer_format_version": "0.1.0",
        "start_time_seconds": "1745855496",
        "python_version": "3.10.12 | packaged by conda-forge | (main, Jun 23 2023, 22:34:57) [MSC v.1936 64 bit (AMD64)]",
        "command_line_arguments": "C:\\Users\\guilh\\anaconda3\\envs\\unity310\\Scripts\\mlagents-learn Assets/ML-Agents/Configs/air_hockey.yaml --run-id Experiment4 --time-scale 20",
        "mlagents_version": "1.1.0",
        "mlagents_envs_version": "1.1.0",
        "communication_protocol_version": "1.5.0",
        "pytorch_version": "2.2.2+cu121",
        "numpy_version": "1.23.5",
        "end_time_seconds": "1745855609"
    },
    "total": 113.54753680000431,
    "count": 1,
    "self": 0.019832399993902072,
    "children": {
        "run_training.setup": {
            "total": 0.14562920000753365,
            "count": 1,
            "self": 0.14562920000753365
        },
        "TrainerController.start_learning": {
            "total": 113.38207520000287,
            "count": 1,
            "self": 0.04292789919418283,
            "children": {
                "TrainerController._reset_env": {
                    "total": 23.697570199990878,
                    "count": 1,
                    "self": 23.697570199990878
                },
                "TrainerController.advance": {
                    "total": 89.35237940080697,
                    "count": 1361,
                    "self": 0.043638801202178,
                    "children": {
                        "env_step": {
                            "total": 89.12245279963827,
                            "count": 1361,
                            "self": 75.23923719936283,
                            "children": {
                                "SubprocessEnvManager._take_step": {
                                    "total": 13.857406800234457,
                                    "count": 1361,
                                    "self": 0.15717309960746206,
                                    "children": {
                                        "TorchPolicy.evaluate": {
                                            "total": 13.700233700626995,
                                            "count": 1361,
                                            "self": 13.700233700626995
                                        }
                                    }
                                },
                                "workers": {
                                    "total": 0.025808800040977076,
                                    "count": 1360,
                                    "self": 0.0,
                                    "children": {
                                        "worker_root": {
                                            "total": 28.51875319922692,
                                            "count": 1360,
                                            "is_parallel": true,
                                            "self": 18.783902299473993,
                                            "children": {
                                                "steps_from_proto": {
                                                    "total": 0.0040231999882962555,
                                                    "count": 1,
                                                    "is_parallel": true,
                                                    "self": 0.0036702000070363283,
                                                    "children": {
                                                        "_process_rank_one_or_two_observation": {
                                                            "total": 0.00035299998125992715,
                                                            "count": 2,
                                                            "is_parallel": true,
                                                            "self": 0.00035299998125992715
                                                        }
                                                    }
                                                },
                                                "UnityEnvironment.step": {
                                                    "total": 9.730827699764632,
                                                    "count": 1360,
                                                    "is_parallel": true,
                                                    "self": 0.2105782995640766,
                                                    "children": {
                                                        "UnityEnvironment._generate_step_input": {
                                                            "total": 0.15364440067787655,
                                                            "count": 1360,
                                                            "is_parallel": true,
                                                            "self": 0.15364440067787655
                                                        },
                                                        "communicator.exchange": {
                                                            "total": 8.791772399534239,
                                                            "count": 1360,
                                                            "is_parallel": true,
                                                            "self": 8.791772399534239
                                                        },
                                                        "steps_from_proto": {
                                                            "total": 0.57483259998844,
                                                            "count": 2720,
                                                            "is_parallel": true,
                                                            "self": 0.39107710029929876,
                                                            "children": {
                                                                "_process_rank_one_or_two_observation": {
                                                                    "total": 0.1837554996891413,
                                                                    "count": 5440,
                                                                    "is_parallel": true,
                                                                    "self": 0.1837554996891413
                                                                }
                                                            }
                                                        }
                                                    }
                                                }
                                            }
                                        }
                                    }
                                }
                            }
                        },
                        "trainer_advance": {
                            "total": 0.18628779996652156,
                            "count": 1360,
                            "self": 0.10044140034005977,
                            "children": {
                                "process_trajectory": {
                                    "total": 0.08584639962646179,
                                    "count": 1360,
                                    "self": 0.08584639962646179
                                }
                            }
                        }
                    }
                },
                "TrainerController._save_models": {
                    "total": 0.28919770001084544,
                    "count": 1,
                    "self": 0.023707899992587045,
                    "children": {
                        "RLTrainer._checkpoint": {
                            "total": 0.2654898000182584,
                            "count": 1,