{
    "name": "root",
    "gauges": {
        "AirHockey.Policy.Entropy.mean": {
            "value": 1.6094213724136353,
            "min": 1.6094213724136353,
            "max": 1.6094213724136353,
            "count": 1
        },
        "AirHockey.Policy.Entropy.sum": {
            "value": 32394.43359375,
            "min": 32394.43359375,
            "max": 32394.43359375,
            "count": 1
        },
        "AirHockey.Environment.EpisodeLength.mean": {
            "value": 339.69642857142856,
            "min": 339.69642857142856,
            "max": 339.69642857142856,
            "count": 1
        },
        "AirHockey.Environment.EpisodeLength.sum": {
            "value": 19023.0,
            "min": 19023.0,
            "max": 19023.0,
            "count": 1
        },
        "AirHockey.Step.mean": {
            "value": 9808.0,
            "min": 9808.0,
            "max": 9808.0,
            "count": 1
        },
        "AirHockey.Step.sum": {
            "value": 9808.0,
            "min": 9808.0,
            "max": 9808.0,
            "count": 1
        },
        "AirHockey.Policy.ExtrinsicValueEstimate.mean": {
            "value": 0.0481325164437294,
            "min": 0.0481325164437294,
            "max": 0.0481325164437294,
            "count": 1
        },
        "AirHockey.Policy.ExtrinsicValueEstimate.sum": {
            "value": 1.9253005981445312,
            "min": 1.9253005981445312,
            "max": 1.9253005981445312,
            "count": 1
        },
        "AirHockey.Environment.CumulativeReward.mean": {
            "value": -50.36801099777222,
            "min": -50.36801099777222,
            "max": -50.36801099777222,
            "count": 1
        },
        "AirHockey.Environment.CumulativeReward.sum": {
            "value": -251.84005498886108,
            "min": -251.84005498886108,
            "max": -251.84005498886108,
            "count": 1
        },
        "AirHockey.Policy.ExtrinsicReward.mean": {
            "value": -50.36801099777222,
            "min": -50.36801099777222,
            "max": -50.36801099777222,
            "count": 1
        },
        "AirHockey.Policy.ExtrinsicReward.sum": {
            "value": -251.84005498886108,
            "min": -251.84005498886108,
            "max": -251.84005498886108,
            "count": 1
        },
        "AirHockey.Self-play.ELO.mean": {
            "value": 1200.5,
            "min": 1200.5,
            "max": 1200.5,
            "count": 1
        },
        "AirHockey.Self-play.ELO.sum": {
            "value": 1200.5,
            "min": 1200.5,
            "max": 1200.5,
            "count": 1
        },
        "AirHockey.IsTraining.mean": {
            "value": 1.0,
            "min": 1.0,
            "max": 1.0,
            "count": 1
        },
        "AirHockey.IsTraining.sum": {
            "value": 1.0,
            "min": 1.0,
            "max": 1.0,
            "count": 1
        }
    },
    "metadata": {
        "timer_format_version": "0.1.0",
        "start_time_seconds": "1745883015",
        "python_version": "3.10.12 | packaged by conda-forge | (main, Jun 23 2023, 22:34:57) [MSC v.1936 64 bit (AMD64)]",
        "command_line_arguments": "C:\\Users\\guilh\\anaconda3\\envs\\unity310\\Scripts\\mlagents-learn Assets/ML-Agents/Configs/air_hockey.yaml --run-id Experiment11 --time-scale 100",
        "mlagents_version": "1.1.0",
        "mlagents_envs_version": "1.1.0",
        "communication_protocol_version": "1.5.0",
        "pytorch_version": "2.2.2+cu121",
        "numpy_version": "1.23.5",
        "end_time_seconds": "1745883469"
    },
    "total": 453.8188716000004,
    "count": 1,
    "self": 0.015133299981243908,
    "children": {
        "run_training.setup": {
            "total": 0.14336400001775473,
            "count": 1,
            "self": 0.14336400001775473
        },
        "TrainerController.start_learning": {
            "total": 453.6603743000014,
            "count": 1,
            "self": 0.8698006031627301,
            "children": {
                "TrainerController._reset_env": {
                    "total": 33.146087500004796,
                    "count": 1,
                    "self": 33.146087500004796
                },
                "TrainerController.advance": {
                    "total": 419.35360989684705,
                    "count": 25735,
                    "self": 0.8400855967192911,
                    "children": {
                        "env_step": {
                            "total": 410.12433730071643,
                            "count": 25735,
                            "self": 170.74240639942582,
                            "children": {
                                "SubprocessEnvManager._take_step": {
                                    "total": 238.8596912009525,
                                    "count": 25735,
                                    "self": 2.988108498015208,
                                    "children": {
                                        "TorchPolicy.evaluate": {
                                            "total": 235.8715827029373,
                                            "count": 25735,
                                            "self": 235.8715827029373
                                        }
                                    }
                                },
                                "workers": {
                                    "total": 0.5222397003381047,
                                    "count": 25734,
                                    "self": 0.0,
                                    "children": {
                                        "worker_root": {
                                            "total": 421.4235908992123,
                                            "count": 25734,
                                            "is_parallel": true,
                                            "self": 294.4608506030636,
                                            "children": {
                                                "steps_from_proto": {
                                                    "total": 0.0004042000218760222,
                                                    "count": 1,
                                                    "is_parallel": true,
                                                    "self": 0.00020410004071891308,
                                                    "children": {
                                                        "_process_rank_one_or_two_observation": {
                                                            "total": 0.00020009998115710914,
                                                            "count": 2,
                                                            "is_parallel": true,
                                                            "self": 0.00020009998115710914
                                                        }
                                                    }
                                                },
                                                "UnityEnvironment.step": {
                                                    "total": 126.96233609612682,
                                                    "count": 25734,
                                                    "is_parallel": true,
                                                    "self": 4.173926599061815,
                                                    "children": {
                                                        "UnityEnvironment._generate_step_input": {
                                                            "total": 3.1317461993312463,
                                                            "count": 25734,
                                                            "is_parallel": true,