{
    "name": "root",
    "gauges": {
        "AirHockey.Policy.Entropy.mean": {
            "value": 1.6091210842132568,
            "min": 1.6091210842132568,
            "max": 1.609423041343689,
            "count": 2
        },
        "AirHockey.Policy.Entropy.sum": {
            "value": 32288.623046875,
            "min": 32288.623046875,
            "max": 32822.57421875,
            "count": 2
        },
        "AirHockey.Step.mean": {
            "value": 19974.0,
            "min": 9941.0,
            "max": 19974.0,
            "count": 2
        },
        "AirHockey.Step.sum": {
            "value": 19974.0,
            "min": 9941.0,
            "max": 19974.0,
            "count": 2
        },
        "AirHockey.Policy.ExtrinsicValueEstimate.mean": {
            "value": -0.5720165371894836,
            "min": -0.5720165371894836,
            "max": 0.23490430414676666,
            "count": 2
        },
        "AirHockey.Policy.ExtrinsicValueEstimate.sum": {
            "value": -22.880661010742188,
            "min": -22.880661010742188,
            "max": 10.570693969726562,
            "count": 2
        },
        "AirHockey.Environment.EpisodeLength.mean": {
            "value": 1903.2,
            "min": 744.0,
            "max": 1903.2,
            "count": 2
        },
        "AirHockey.Environment.EpisodeLength.sum": {
            "value": 19032.0,
            "min": 19032.0,
            "max": 19344.0,
            "count": 2
        },
        "AirHockey.Environment.CumulativeReward.mean": {
            "value": -94.8340087890625,
            "min": -94.8340087890625,
            "max": -37.065387799189644,
            "count": 2
        },
        "AirHockey.Environment.CumulativeReward.sum": {
            "value": -474.1700439453125,
            "min": -481.85004138946533,
            "max": -474.1700439453125,
            "count": 2
        },
        "AirHockey.Policy.ExtrinsicReward.mean": {
            "value": -94.8340087890625,
            "min": -94.8340087890625,
            "max": -37.065387799189644,
            "count": 2
        },
        "AirHockey.Policy.ExtrinsicReward.sum": {
            "value": -474.1700439453125,
            "min": -481.85004138946533,
            "max": -474.1700439453125,
            "count": 2
        },
        "AirHockey.Self-play.ELO.mean": {
            "value": 1199.518539180189,
            "min": 1199.3558746379258,
            "max": 1199.518539180189,
            "count": 2
        },
        "AirHockey.Self-play.ELO.sum": {
            "value": 1199.518539180189,
            "min": 1199.518539180189,
            "max": 11993.558746379258,
            "count": 2
        },
        "AirHockey.IsTraining.mean": {
            "value": 1.0,
            "min": 1.0,
            "max": 1.0,
            "count": 2
        },
        "AirHockey.IsTraining.sum": {
            "value": 1.0,
            "min": 1.0,
            "max": 1.0,
            "count": 2
        },
        "AirHockey.Losses.PolicyLoss.mean": {
            "value": 0.024069788695002595,
            "min": 0.024069788695002595,
            "max": 0.024069788695002595,
            "count": 1
        },
        "AirHockey.Losses.PolicyLoss.sum": {
            "value": 0.024069788695002595,
            "min": 0.024069788695002595,
            "max": 0.024069788695002595,
            "count": 1
        },
        "AirHockey.Losses.ValueLoss.mean": {
            "value": 0.31959679077068964,
            "min": 0.31959679077068964,
            "max": 0.31959679077068964,
            "count": 1
        },
        "AirHockey.Losses.ValueLoss.sum": {
            "value": 0.31959679077068964,
            "min": 0.31959679077068964,
            "max": 0.31959679077068964,
            "count": 1
        },
        "AirHockey.Policy.LearningRate.mean": {
            "value": 0.00029895470034843326,
            "min": 0.00029895470034843326,
            "max": 0.00029895470034843326,
            "count": 1
        },
        "AirHockey.Policy.LearningRate.sum": {
            "value": 0.00029895470034843326,
            "min": 0.00029895470034843326,
            "max": 0.00029895470034843326,
            "count": 1
        },
        "AirHockey.Policy.Epsilon.mean": {
            "value": 0.19965156666666667,
            "min": 0.19965156666666667,
            "max": 0.19965156666666667,
            "count": 1
        },
        "AirHockey.Policy.Epsilon.sum": {
            "value": 0.19965156666666667,
            "min": 0.19965156666666667,
            "max": 0.19965156666666667,
            "count": 1
        },
        "AirHockey.Policy.Beta.mean": {
            "value": 0.004982613176666668,
            "min": 0.004982613176666668,
            "max": 0.004982613176666668,
            "count": 1
        },
        "AirHockey.Policy.Beta.sum": {
            "value": 0.004982613176666668,
            "min": 0.004982613176666668,
            "max": 0.004982613176666668,
            "count": 1
        }
    },
    "metadata": {
        "timer_format_version": "0.1.0",
        "start_time_seconds": "1745881322",
        "python_version": "3.10.12 | packaged by conda-forge | (main, Jun 23 2023, 22:34:57) [MSC v.1936 64 bit (AMD64)]",
        "command_line_arguments": "C:\\Users\\guilh\\anaconda3\\envs\\unity310\\Scripts\\mlagents-learn Assets/ML-Agents/Configs/air_hockey.yaml --run-id Experiment8 --time-scale 200",
        "mlagents_version": "1.1.0",
        "mlagents_envs_version": "1.1.0",
        "communication_protocol_version": "1.5.0",
        "pytorch_version": "2.2.2+cu121",
        "numpy_version": "1.23.5",
        "end_time_seconds": "1745882260"
    },
    "total": 938.4125670000212,
    "count": 1,
    "self": 0.014769700006581843,
    "children": {
        "run_training.setup": {
            "total": 0.15355640000780113,
            "count": 1,
            "self": 0.15355640000780113
        },
        "TrainerController.start_learning": {
            "total": 938.2442409000068,
            "count": 1,
            "self": 1.8648443023266736,
            "children": {
                "TrainerController._reset_env": {
                    "total": 23.18283320000046,
                    "count": 1,
                    "self": 23.18283320000046
                },
                "TrainerController.advance": {
                    "total": 912.9050223976665,
                    "count": 53851,
                    "self": 1.7758762938610744,
                    "children": {
                        "env_step": {
                            "total": 892.656793699949,
                            "count": 53851,
                            "self": 373.9105927014898,
                            "children": {
                                "SubprocessEnvManager._take_step": {
                                    "total": 517.5676098993572,
                                    "count": 53851,
                                    "self": 6.372135298821377,
                                    "children": {
                                        "TorchPolicy.evaluate": {
                                            "total": 511.1954746005358,
                                            "count": 53834,
                                            "self": 511.1954746005358
                                        }
                                    }
                                },
                                "workers": {
                                    "total": 1.17859109910205,
                                    "count": 53850,
                                    "self": 0.0,
                                    "children": {
                                        "worker_root": {
                                            "total": 852.3527946010581,
                                            "count": 53850,
                                            "is_parallel": true,