{
    "name": "root",
    "gauges": {
        "AirHockey.Policy.Entropy.mean": {
            "value": 1.5325276851654053,
            "min": 1.5325276851654053,
            "max": 1.6094292402267456,
            "count": 9
        },
        "AirHockey.Policy.Entropy.sum": {
            "value": 15818.7509765625,
            "min": 14787.107421875,
            "max": 20294.90234375,
            "count": 9
        },
        "AirHockey.Environment.EpisodeLength.mean": {
            "value": 52.663101604278076,
            "min": 33.1740614334471,
            "max": 53.31891891891892,
            "count": 9
        },
        "AirHockey.Environment.EpisodeLength.sum": {
            "value": 9848.0,
            "min": 9630.0,
            "max": 9954.0,
            "count": 9
        },
        "AirHockey.Self-play.ELO.mean": {
            "value": -38.707278316372864,
            "min": -38.707278316372864,
            "max": 1075.1326979239539,
            "count": 9
        },
        "AirHockey.Self-play.ELO.sum": {
            "value": -6541.530035467014,
            "min": -6541.530035467014,
            "max": 291360.9611373915,
            "count": 9
        },
        "AirHockey.Step.mean": {
            "value": 89984.0,
            "min": 9998.0,
            "max": 89984.0,
            "count": 9
        },
        "AirHockey.Step.sum": {
            "value": 89984.0,
            "min": 9998.0,
            "max": 89984.0,
            "count": 9
        },
        "AirHockey.Policy.ExtrinsicValueEstimate.mean": {
            "value": -0.0926247239112854,
            "min": -0.20484361052513123,
            "max": -0.0764210969209671,
            "count": 9
        },
        "AirHockey.Policy.ExtrinsicValueEstimate.sum": {
            "value": -17.320823669433594,
            "min": -46.294654846191406,
            "max": -17.320823669433594,
            "count": 9
        },
        "AirHockey.Environment.CumulativeReward.mean": {
            "value": -0.4028530210097206,
            "min": -0.5622752828335543,
            "max": 0.10304090979157901,
            "count": 9
        },
        "AirHockey.Environment.CumulativeReward.sum": {
            "value": -75.33351492881775,
            "min": -122.57601165771484,
            "max": 18.85648649185896,
            "count": 9
        },
        "AirHockey.Policy.ExtrinsicReward.mean": {
            "value": -0.4028530210097206,
            "min": -0.5622752828335543,
            "max": 0.10304090979157901,
            "count": 9
        },
        "AirHockey.Policy.ExtrinsicReward.sum": {
            "value": -75.33351492881775,
            "min": -122.57601165771484,
            "max": 18.85648649185896,
            "count": 9
        },
        "AirHockey.IsTraining.mean": {
            "value": 1.0,
            "min": 1.0,
            "max": 1.0,
            "count": 9
        },
        "AirHockey.IsTraining.sum": {
            "value": 1.0,
            "min": 1.0,
            "max": 1.0,
            "count": 9
        },
        "AirHockey.Losses.PolicyLoss.mean": {
            "value": 0.018542397464625538,
            "min": 0.017654513955737153,
            "max": 0.03293164959177375,
            "count": 8
        },
        "AirHockey.Losses.PolicyLoss.sum": {
            "value": 0.018542397464625538,
            "min": 0.017654513955737153,
            "max": 0.03293164959177375,
            "count": 8
        },
        "AirHockey.Losses.ValueLoss.mean": {
            "value": 1.839099903901418,
            "min": 1.28613334496816,
            "max": 1.9885197798411052,
            "count": 8
        },
        "AirHockey.Losses.ValueLoss.sum": {
            "value": 1.839099903901418,
            "min": 1.28613334496816,
            "max": 1.9885197798411052,
            "count": 8
        },
        "AirHockey.Policy.LearningRate.mean": {
            "value": 0.000299917347027551,
            "min": 0.000299917347027551,
            "max": 0.0002999895870034709,
            "count": 8
        },
        "AirHockey.Policy.LearningRate.sum": {
            "value": 0.000299917347027551,
            "min": 0.000299917347027551,
            "max": 0.0002999895870034709,
            "count": 8
        },
        "AirHockey.Policy.Epsilon.mean": {
            "value": 0.19997244899999994,
            "min": 0.19997244899999994,
            "max": 0.19999652899999998,
            "count": 8
        },
        "AirHockey.Policy.Epsilon.sum": {
            "value": 0.19997244899999994,
            "min": 0.19997244899999994,
            "max": 0.19999652899999998,
            "count": 8
        },
        "AirHockey.Policy.Beta.mean": {
            "value": 0.0049986252051,
            "min": 0.0049986252051,
            "max": 0.004999826797100001,
            "count": 8
        },
        "AirHockey.Policy.Beta.sum": {
            "value": 0.0049986252051,
            "min": 0.0049986252051,
            "max": 0.004999826797100001,
            "count": 8
        }
    },
    "metadata": {
        "timer_format_version": "0.1.0",
        "start_time_seconds": "1746124873",
        "python_version": "3.10.12 | packaged by conda-forge | (main, Jun 23 2023, 22:34:57) [MSC v.1936 64 bit (AMD64)]",
        "command_line_arguments": "C:\\Users\\guilh\\anaconda3\\envs\\unity310\\Scripts\\mlagents-learn Assets/ML-Agents/Configs/air_hockey.yaml --run-id=Experiment24 --time-scale=2",
        "mlagents_version": "1.1.0",
        "mlagents_envs_version": "1.1.0",
        "communication_protocol_version": "1.5.0",
        "pytorch_version": "2.2.2+cu121",
        "numpy_version": "1.23.5",
        "end_time_seconds": "1746125506"
    },
    "total": 632.4209101000015,
    "count": 1,
    "self": 0.022331000000122003,
    "children": {
        "run_training.setup": {
            "total": 0.19422809999377932,
            "count": 1,
            "self": 0.19422809999377932
        },
        "TrainerController.start_learning": {
            "total": 632.2043510000076,
            "count": 1,
            "self": 0.28241270047146827,
            "children": {
                "TrainerController._reset_env": {
                    "total": 24.676742299998295,
                    "count": 1,
                    "self": 24.676742299998295
                },
                "TrainerController.advance": {
                    "total": 606.8999858995376,
                    "count": 5242,
                    "self": 0.29178799960936885,
                    "children": {
                        "env_step": {
                            "total": 530.74256649983,
                            "count": 5242,
                            "self": 490.06756669899914,
                            "children": {
                                "SubprocessEnvManager._take_step": {
                                    "total": 40.51028480047535,
                                    "count": 5242,
                                    "self": 0.8739920996449655,
                                    "children": {
                                        "TorchPolicy.evaluate": {
                                            "total": 39.63629270083038,
                                            "count": 3720,
                                            "self": 39.63629270083038
                                        }
                                    }
                                },
                                "workers": {
                                    "total": 0.1647150003554998,
                                    "count": 5241,
                                    "self": 0.0,
                                    "children": {
                                        "worker_root": {
                                            "total": 534.4127889993833,
                                            "count": 5241,
                                            "is_parallel": true,