{
    "name": "root",
    "gauges": {
        "AirHockey.Policy.Entropy.mean": {
            "value": 1.2586473226547241,
            "min": 1.2486915588378906,
            "max": 1.5861538648605347,
            "count": 75
        },
        "AirHockey.Policy.Entropy.sum": {
            "value": 12347.330078125,
            "min": 3510.38037109375,
            "max": 17135.43359375,
            "count": 75
        },
        "AirHockey.Environment.EpisodeLength.mean": {
            "value": 67.86986301369863,
            "min": 16.859154929577464,
            "max": 90.01818181818182,
            "count": 75
        },
        "AirHockey.Environment.EpisodeLength.sum": {
            "value": 9909.0,
            "min": 1197.0,
            "max": 10082.0,
            "count": 75
        },
        "AirHockey.Self-play.ELO.mean": {
            "value": -113.84343481276221,
            "min": -261.287170337063,
            "max": -110.61609300916493,
            "count": 75
        },
        "AirHockey.Self-play.ELO.sum": {
            "value": -12750.464699029368,
            "min": -65458.523192227985,
            "max": -9699.027968372771,
            "count": 75
        },
        "AirHockey.Step.mean": {
            "value": 829925.0,
            "min": 89993.0,
            "max": 829925.0,
            "count": 75
        },
        "AirHockey.Step.sum": {
            "value": 829925.0,
            "min": 89993.0,
            "max": 829925.0,
            "count": 75
        },
        "AirHockey.Policy.ExtrinsicValueEstimate.mean": {
            "value": -48.0563850402832,
            "min": -57.90188217163086,
            "max": -25.549795150756836,
            "count": 75
        },
        "AirHockey.Policy.ExtrinsicValueEstimate.sum": {
            "value": -7016.232421875,
            "min": -11591.4140625,
            "max": -2503.68408203125,
            "count": 75
        },
        "AirHockey.Environment.CumulativeReward.mean": {
            "value": -45.6568494822881,
            "min": -70.32480618380761,
            "max": -30.31816512571799,
            "count": 75
        },
        "AirHockey.Environment.CumulativeReward.sum": {
            "value": -6665.9000244140625,
            "min": -20035.27666759491,
            "max": -4515.061782836914,
            "count": 75
        },
        "AirHockey.Policy.ExtrinsicReward.mean": {
            "value": -45.6568494822881,
            "min": -70.32480618380761,
            "max": -30.31816512571799,
            "count": 75
        },
        "AirHockey.Policy.ExtrinsicReward.sum": {
            "value": -6665.9000244140625,
            "min": -20035.27666759491,
            "max": -4515.061782836914,
            "count": 75
        },
        "AirHockey.IsTraining.mean": {
            "value": 1.0,
            "min": 1.0,
            "max": 1.0,
            "count": 75
        },
        "AirHockey.IsTraining.sum": {
            "value": 1.0,
            "min": 1.0,
            "max": 1.0,
            "count": 75
        },
        "AirHockey.Losses.PolicyLoss.mean": {
            "value": 0.027727155853062867,
            "min": 0.016624223813414572,
            "max": 0.03306225370615721,
            "count": 71
        },
        "AirHockey.Losses.PolicyLoss.sum": {
            "value": 0.027727155853062867,
            "min": 0.016624223813414572,
            "max": 0.03306225370615721,
            "count": 71
        },
        "AirHockey.Losses.ValueLoss.mean": {
            "value": 745.2165873209635,
            "min": 572.706753540039,
            "max": 1347.3659952799478,
            "count": 71
        },
        "AirHockey.Losses.ValueLoss.sum": {
            "value": 745.2165873209635,
            "min": 572.706753540039,
            "max": 1347.3659952799478,
            "count": 71
        },
        "AirHockey.Policy.LearningRate.mean": {
            "value": 0.00021781992739336656,
            "min": 0.00021781992739336656,
            "max": 0.00029010240329919995,
            "count": 71
        },
        "AirHockey.Policy.LearningRate.sum": {
            "value": 0.00021781992739336656,
            "min": 0.00021781992739336656,
            "max": 0.00029010240329919995,
            "count": 71
        },
        "AirHockey.Policy.Epsilon.mean": {
            "value": 0.17260663333333331,
            "min": 0.17260663333333331,
            "max": 0.19670080000000006,
            "count": 71
        },
        "AirHockey.Policy.Epsilon.sum": {
            "value": 0.17260663333333331,
            "min": 0.17260663333333331,
            "max": 0.19670080000000006,
            "count": 71
        },
        "AirHockey.Policy.Beta.mean": {
            "value": 0.003633071003333334,
            "min": 0.003633071003333334,
            "max": 0.00483536992,
            "count": 71
        },
        "AirHockey.Policy.Beta.sum": {
            "value": 0.003633071003333334,
            "min": 0.003633071003333334,
            "max": 0.00483536992,
            "count": 71
        }
    },
    "metadata": {
        "timer_format_version": "0.1.0",
        "start_time_seconds": "1745940627",
        "python_version": "3.10.12 | packaged by conda-forge | (main, Jun 23 2023, 22:34:57) [MSC v.1936 64 bit (AMD64)]",
        "command_line_arguments": "C:\\Users\\guilh\\anaconda3\\envs\\unity310\\Scripts\\mlagents-learn Assets/ML-Agents/Configs/air_hockey.yaml --run-id=Experiment18 --resume --time-scale=2",
        "mlagents_version": "1.1.0",
        "mlagents_envs_version": "1.1.0",
        "communication_protocol_version": "1.5.0",
        "pytorch_version": "2.2.2+cu121",
        "numpy_version": "1.23.5",
        "end_time_seconds": "1745944400"
    },
    "total": 3772.450173600002,
    "count": 1,
    "self": 0.01576809999824036,
    "children": {
        "run_training.setup": {
            "total": 0.23765730000013718,
            "count": 1,
            "self": 0.23765730000013718
        },
        "TrainerController.start_learning": {
            "total": 3772.1967482000036,
            "count": 1,
            "self": 2.666030899497855,
            "children": {
                "TrainerController._reset_env": {
                    "total": 25.581643700003042,
                    "count": 5,
                    "self": 25.581643700003042
                },
                "TrainerController.advance": {
                    "total": 3743.753670100501,
                    "count": 59227,
                    "self": 2.739718399636331,
                    "children": {
                        "env_step": {
                            "total": 3259.819650900703,
                            "count": 59227,
                            "self": 2791.7305598006133,
                            "children": {
                                "SubprocessEnvManager._take_step": {
                                    "total": 466.5398100990569,
                                    "count": 59230,
                                    "self": 7.633919098698243,
                                    "children": {
                                        "TorchPolicy.evaluate": {
                                            "total": 458.9058910003587,
                                            "count": 50288,
                                            "self": 458.9058910003587
                                        }
                                    }
                                },
                                "workers": {
                                    "total": 1.5492810010327958,
                                    "count": 59226,
                                    "self": 0.0,
                                    "children": {
                                        "worker_root": {
                                            "total": 3623.9825342009353,
                                            "count": 59226,