{
    "name": "root",
    "metadata": {
        "timer_format_version": "0.1.0",
        "start_time_seconds": "1745881232",
        "python_version": "3.10.12 | packaged by conda-forge | (main, Jun 23 2023, 22:34:57) [MSC v.1936 64 bit (AMD64)]",
        "command_line_arguments": "C:\\Users\\guilh\\anaconda3\\envs\\unity310\\Scripts\\mlagents-learn Assets/ML-Agents/Configs/air_hockey.yaml --run-id Experiment7 --time-scale 20",
        "mlagents_version": "1.1.0",
        "mlagents_envs_version": "1.1.0",
        "communication_protocol_version": "1.5.0",
        "pytorch_version": "2.2.2+cu121",
        "numpy_version": "1.23.5",
        "end_time_seconds": "1745881308"
    },
    "total": 75.99489149998408,
    "count": 1,
    "self": 0.015512899990426376,
    "children": {
        "run_training.setup": {
            "total": 0.146060099999886,
            "count": 1,
            "self": 0.146060099999886
        },
        "TrainerController.start_learning": {
            "total": 75.83331849999377,
            "count": 1,
            "self": 0.0867615008901339,
            "children": {
                "TrainerController._reset_env": {
                    "total": 21.40774899997632,
                    "count": 1,
                    "self": 21.40774899997632
                },
                "TrainerController.advance": {
                    "total": 54.104889899113914,
                    "count": 2489,
                    "self": 0.08422969860839657,
                    "children": {
                        "env_step": {
                            "total": 53.67510440046317,
                            "count": 2489,
                            "self": 27.362993800459662,
                            "children": {
                                "SubprocessEnvManager._take_step": {
                                    "total": 26.25923630030593,
                                    "count": 2489,
                                    "self": 0.3022042996890377,
                                    "children": {
                                        "TorchPolicy.evaluate": {
                                            "total": 25.95703200061689,
                                            "count": 2488,
                                            "self": 25.95703200061689
                                        }
                                    }
                                },
                                "workers": {
                                    "total": 0.05287429969757795,
                                    "count": 2488,
                                    "self": 0.0,
                                    "children": {
                                        "worker_root": {
                                            "total": 49.571820900338935,
                                            "count": 2488,
                                            "is_parallel": true,
                                            "self": 33.7710465004202,
                                            "children": {
                                                "steps_from_proto": {
                                                    "total": 0.0005821000086143613,
                                                    "count": 1,
                                                    "is_parallel": true,
                                                    "self": 0.0003198999911546707,
                                                    "children": {
                                                        "_process_rank_one_or_two_observation": {
                                                            "total": 0.00026220001745969057,
                                                            "count": 2,
                                                            "is_parallel": true,
                                                            "self": 0.00026220001745969057
                                                        }
                                                    }
                                                },
                                                "UnityEnvironment.step": {
                                                    "total": 15.800192299910123,
                                                    "count": 2488,
                                                    "is_parallel": true,
                                                    "self": 0.4257001002551988,
                                                    "children": {
                                                        "UnityEnvironment._generate_step_input": {
                                                            "total": 0.32149850006680936,
                                                            "count": 2488,
                                                            "is_parallel": true,
                                                            "self": 0.32149850006680936
                                                        },
                                                        "communicator.exchange": {
                                                            "total": 13.911523499758914,
                                                            "count": 2488,
                                                            "is_parallel": true,
                                                            "self": 13.911523499758914
                                                        },
                                                        "steps_from_proto": {
                                                            "total": 1.1414701998292003,
                                                            "count": 4976,
                                                            "is_parallel": true,
                                                            "self": 0.7759801003558096,
                                                            "children": {
                                                                "_process_rank_one_or_two_observation": {
                                                                    "total": 0.36549009947339073,
                                                                    "count": 9952,
                                                                    "is_parallel": true,
                                                                    "self": 0.36549009947339073
                                                                }
                                                            }
                                                        }
                                                    }
                                                }
                                            }
                                        }
                                    }
                                }
                            }
                        },
                        "trainer_advance": {
                            "total": 0.345555800042348,
                            "count": 2488,
                            "self": 0.2020530002482701,
                            "children": {
                                "process_trajectory": {
                                    "total": 0.14350279979407787,
                                    "count": 2488,
                                    "self": 0.14350279979407787
                                }
                            }
                        }
                    }
                },
                "trainer_threads": {
                    "total": 2.400018274784088e-06,
                    "count": 1,
                    "self": 2.400018274784088e-06
                },
                "TrainerController._save_models": {
                    "total": 0.23391569999512285,
                    "count": 1,
                    "self": 0.020879199990304187,