{
    "name": "root",
    "gauges": {
        "AirHockey.Policy.Entropy.mean": {
            "value": 1.609352707862854,
            "min": 1.609352707862854,
            "max": 1.609352707862854,
            "count": 1
        },
        "AirHockey.Policy.Entropy.sum": {
            "value": 17043.044921875,
            "min": 17043.044921875,
            "max": 17043.044921875,
            "count": 1
        },
        "AirHockey.Environment.EpisodeLength.mean": {
            "value": 22.935406698564595,
            "min": 22.935406698564595,
            "max": 22.935406698564595,
            "count": 1
        },
        "AirHockey.Environment.EpisodeLength.sum": {
            "value": 9587.0,
            "min": 9587.0,
            "max": 9587.0,
            "count": 1
        },
        "AirHockey.Self-play.ELO.mean": {
            "value": 1013.0805700581504,
            "min": 1013.0805700581504,
            "max": 1013.0805700581504,
            "count": 1
        },
        "AirHockey.Self-play.ELO.sum": {
            "value": 411310.7114436091,
            "min": 411310.7114436091,
            "max": 411310.7114436091,
            "count": 1
        },
        "AirHockey.Step.mean": {
            "value": 9986.0,
            "min": 9986.0,
            "max": 9986.0,
            "count": 1
        },
        "AirHockey.Step.sum": {
            "value": 9986.0,
            "min": 9986.0,
            "max": 9986.0,
            "count": 1
        },
        "AirHockey.Policy.ExtrinsicValueEstimate.mean": {
            "value": -0.1731339544057846,
            "min": -0.1731339544057846,
            "max": -0.1731339544057846,
            "count": 1
        },
        "AirHockey.Policy.ExtrinsicValueEstimate.sum": {
            "value": -72.19686126708984,
            "min": -72.19686126708984,
            "max": -72.19686126708984,
            "count": 1
        },
        "AirHockey.Environment.CumulativeReward.mean": {
            "value": -88.2098327563535,
            "min": -88.2098327563535,
            "max": -88.2098327563535,
            "count": 1
        },
        "AirHockey.Environment.CumulativeReward.sum": {
            "value": -36783.500259399414,
            "min": -36783.500259399414,
            "max": -36783.500259399414,
            "count": 1
        },
        "AirHockey.Policy.ExtrinsicReward.mean": {
            "value": -88.2098327563535,
            "min": -88.2098327563535,
            "max": -88.2098327563535,
            "count": 1
        },
        "AirHockey.Policy.ExtrinsicReward.sum": {
            "value": -36783.500259399414,
            "min": -36783.500259399414,
            "max": -36783.500259399414,
            "count": 1
        },
        "AirHockey.IsTraining.mean": {
            "value": 1.0,
            "min": 1.0,
            "max": 1.0,
            "count": 1
        },
        "AirHockey.IsTraining.sum": {
            "value": 1.0,
            "min": 1.0,
            "max": 1.0,
            "count": 1
        }
    },
    "metadata": {
        "timer_format_version": "0.1.0",
        "start_time_seconds": "1745944502",
        "python_version": "3.10.12 | packaged by conda-forge | (main, Jun 23 2023, 22:34:57) [MSC v.1936 64 bit (AMD64)]",
        "command_line_arguments": "C:\\Users\\guilh\\anaconda3\\envs\\unity310\\Scripts\\mlagents-learn Assets/ML-Agents/Configs/air_hockey.yaml --run-id=Experiment19 --time-scale=2",
        "mlagents_version": "1.1.0",
        "mlagents_envs_version": "1.1.0",
        "communication_protocol_version": "1.5.0",
        "pytorch_version": "2.2.2+cu121",
        "numpy_version": "1.23.5",
        "end_time_seconds": "1745944710"
    },
    "total": 208.63189169999532,
    "count": 1,
    "self": 0.014862599993648473,
    "children": {
        "run_training.setup": {
            "total": 0.1396770999999717,
            "count": 1,
            "self": 0.1396770999999717
        },
        "TrainerController.start_learning": {
            "total": 208.4773520000017,
            "count": 1,
            "self": 0.08914340006595012,
            "children": {
                "TrainerController._reset_env": {
                    "total": 20.7584652000005,
                    "count": 1,
                    "self": 20.7584652000005
                },
                "TrainerController.advance": {
                    "total": 187.01483989992994,
                    "count": 1872,
                    "self": 0.08680859996093204,
                    "children": {
                        "env_step": {
                            "total": 173.29464589989948,
                            "count": 1872,
                            "self": 160.70621419977397,
                            "children": {
                                "SubprocessEnvManager._take_step": {
                                    "total": 12.540163800098526,
                                    "count": 1872,
                                    "self": 0.2086266000114847,
                                    "children": {
                                        "TorchPolicy.evaluate": {
                                            "total": 12.331537200087041,
                                            "count": 1320,
                                            "self": 12.331537200087041
                                        }
                                    }
                                },
                                "workers": {
                                    "total": 0.048267900026985444,
                                    "count": 1871,
                                    "self": 0.0,
                                    "children": {
                                        "worker_root": {
                                            "total": 105.03439239988074,
                                            "count": 1871,
                                            "is_parallel": true,
                                            "self": 33.75868349996017,
                                            "children": {
                                                "steps_from_proto": {
                                                    "total": 0.000491300001158379,
                                                    "count": 1,
                                                    "is_parallel": true,
                                                    "self": 0.00019639999663922936,
                                                    "children": {
                                                        "_process_rank_one_or_two_observation": {
                                                            "total": 0.00029490000451914966,
                                                            "count": 2,
                                                            "is_parallel": true,
                                                            "self": 0.00029490000451914966
                                                        }
                                                    }
                                                },
                                                "UnityEnvironment.step": {
                                                    "total": 71.27521759991942,
                                                    "count": 1871,
                                                    "is_parallel": true,
                                                    "self": 0.3979953998568817,
                                                    "children": {
                                                        "UnityEnvironment._generate_step_input": {
                                                            "total": 0.8123582999687642,
                                                            "count": 1871,
                                                            "is_parallel": true,