{
    "name": "root",
    "metadata": {
        "timer_format_version": "0.1.0",
        "start_time_seconds": "1745853887",
        "python_version": "3.10.12 | packaged by conda-forge | (main, Jun 23 2023, 22:34:57) [MSC v.1936 64 bit (AMD64)]",
        "command_line_arguments": "C:\\Users\\guilh\\anaconda3\\envs\\unity310\\Scripts\\mlagents-learn Assets/ML-Agents/Configs/air_hockey.yaml --run-id Experiment2 --time-scale 20",
        "mlagents_version": "1.1.0",
        "mlagents_envs_version": "1.1.0",
        "communication_protocol_version": "1.5.0",
        "pytorch_version": "2.2.2+cu121",
        "numpy_version": "1.23.5",
        "end_time_seconds": "1745854012"
    },
    "total": 125.66351019998547,
    "count": 1,
    "self": 0.021344499982660636,
    "children": {
        "run_training.setup": {
            "total": 0.2527325999981258,
            "count": 1,
            "self": 0.2527325999981258
        },
        "TrainerController.start_learning": {
            "total": 125.38943310000468,
            "count": 1,
            "self": 0.0002089000481646508,
            "children": {
                "TrainerController._reset_env": {
                    "total": 30.893253999995068,
                    "count": 1,
                    "self": 30.893253999995068
                },
                "TrainerController.advance": {
                    "total": 93.96737229998689,
                    "count": 1,
                    "self": 2.4899985874071717e-05,
                    "children": {
                        "env_step": {
                            "total": 93.96734740000102,
                            "count": 1,
                            "self": 93.96733310000855,
                            "children": {
                                "SubprocessEnvManager._take_step": {
                                    "total": 1.4299992471933365e-05,
                                    "count": 1,
                                    "self": 1.4299992471933365e-05
                                }
                            }
                        }
                    }
                },
                "TrainerController._save_models": {
                    "total": 0.5285978999745566,
                    "count": 1,
                    "self": 0.01951399995596148,
                    "children": {
                        "RLTrainer._checkpoint": {
                            "total": 0.5090839000185952,
                            "count": 1,
                            "self": 0.5090839000185952
                        }
                    }
                }
            }
        }
    }
}