{
    "name": "root",
    "metadata": {
        "timer_format_version": "0.1.0",
        "start_time_seconds": "1745880702",
        "python_version": "3.10.12 | packaged by conda-forge | (main, Jun 23 2023, 22:34:57) [MSC v.1936 64 bit (AMD64)]",
        "command_line_arguments": "C:\\Users\\guilh\\anaconda3\\envs\\unity310\\Scripts\\mlagents-learn Assets/ML-Agents/Configs/air_hockey.yaml --run-id Experiment6 --time-scale 20",
        "mlagents_version": "1.1.0",
        "mlagents_envs_version": "1.1.0",
        "communication_protocol_version": "1.5.0",
        "pytorch_version": "2.2.2+cu121",
        "numpy_version": "1.23.5",
        "end_time_seconds": "1745880825"
    },
    "total": 123.04237039998407,
    "count": 1,
    "self": 0.014815400005318224,
    "children": {
        "run_training.setup": {
            "total": 0.2128515999938827,
            "count": 1,
            "self": 0.2128515999938827
        },
        "TrainerController.start_learning": {
            "total": 122.81470339998486,
            "count": 1,
            "self": 0.026797101105330512,
            "children": {
                "TrainerController._reset_env": {
                    "total": 27.908786600019084,
                    "count": 1,
                    "self": 27.908786600019084
                },
                "TrainerController.advance": {
                    "total": 94.16355289885541,
                    "count": 775,
                    "self": 0.024652598949614912,
                    "children": {
                        "env_step": {
                            "total": 94.02377919957507,
                            "count": 775,
                            "self": 86.14827049939777,
                            "children": {
                                "SubprocessEnvManager._take_step": {
                                    "total": 7.860057800193317,
                                    "count": 775,
                                    "self": 0.09069690035539679,
                                    "children": {
                                        "TorchPolicy.evaluate": {
                                            "total": 7.76936089983792,
                                            "count": 774,
                                            "self": 7.76936089983792
                                        }
                                    }
                                },
                                "workers": {
                                    "total": 0.015450899983989075,
                                    "count": 774,
                                    "self": 0.0,
                                    "children": {
                                        "worker_root": {
                                            "total": 34.07430430073873,
                                            "count": 774,
                                            "is_parallel": true,
                                            "self": 12.43828360066982,
                                            "children": {
                                                "steps_from_proto": {
                                                    "total": 0.0005420000234153122,
                                                    "count": 1,
                                                    "is_parallel": true,
                                                    "self": 0.00030290003633126616,
                                                    "children": {
                                                        "_process_rank_one_or_two_observation": {
                                                            "total": 0.000239099987084046,
                                                            "count": 2,
                                                            "is_parallel": true,
                                                            "self": 0.000239099987084046
                                                        }
                                                    }
                                                },
                                                "UnityEnvironment.step": {
                                                    "total": 21.635478700045496,
                                                    "count": 774,
                                                    "is_parallel": true,
                                                    "self": 0.12731619985424913,
                                                    "children": {
                                                        "UnityEnvironment._generate_step_input": {
                                                            "total": 0.09430850011995062,
                                                            "count": 774,
                                                            "is_parallel": true,
                                                            "self": 0.09430850011995062
                                                        },
                                                        "communicator.exchange": {
                                                            "total": 21.074621700012358,
                                                            "count": 774,
                                                            "is_parallel": true,
                                                            "self": 21.074621700012358
                                                        },
                                                        "steps_from_proto": {
                                                            "total": 0.33923230005893856,
                                                            "count": 1548,
                                                            "is_parallel": true,
                                                            "self": 0.23045210033887997,
                                                            "children": {
                                                                "_process_rank_one_or_two_observation": {
                                                                    "total": 0.10878019972005859,
                                                                    "count": 3096,
                                                                    "is_parallel": true,
                                                                    "self": 0.10878019972005859
                                                                }
                                                            }
                                                        }
                                                    }
                                                }
                                            }
                                        }
                                    }
                                }
                            }
                        },
                        "trainer_advance": {
                            "total": 0.11512110033072531,
                            "count": 774,
                            "self": 0.06884689972503111,
                            "children": {
                                "process_trajectory": {
                                    "total": 0.046274200605694205,
                                    "count": 774,
                                    "self": 0.046274200605694205
                                }
                            }
                        }
                    }
                },
                "TrainerController._save_models": {
                    "total": 0.7155668000050355,
                    "count": 1,
                    "self": 0.01904760001343675,
                    "children": {
                        "RLTrainer._checkpoint": {
                            "total": 0.6965191999915987,
                            "count": 1,