{
    "name": "root",
    "metadata": {
        "timer_format_version": "0.1.0",
        "start_time_seconds": "1745854533",
        "python_version": "3.10.12 | packaged by conda-forge | (main, Jun 23 2023, 22:34:57) [MSC v.1936 64 bit (AMD64)]",
        "command_line_arguments": "C:\\Users\\guilh\\anaconda3\\envs\\unity310\\Scripts\\mlagents-learn Assets/ML-Agents/Configs/air_hockey.yaml --run-id Experiment3 --time-scale 20",
        "mlagents_version": "1.1.0",
        "mlagents_envs_version": "1.1.0",
        "communication_protocol_version": "1.5.0",
        "pytorch_version": "2.2.2+cu121",
        "numpy_version": "1.23.5",
        "end_time_seconds": "1745854637"
    },
    "total": 103.85526330000721,
    "count": 1,
    "self": 0.008216300018830225,
    "children": {
        "run_training.setup": {
            "total": 0.15984429998206906,
            "count": 1,
            "self": 0.15984429998206906
        },
        "TrainerController.start_learning": {
            "total": 103.68720270000631,
            "count": 1,
            "self": 0.00048719998449087143,
            "children": {
                "TrainerController._reset_env": {
                    "total": 31.322799799992936,
                    "count": 1,
                    "self": 31.322799799992936
                },
                "TrainerController.advance": {
                    "total": 72.07488749999902,
                    "count": 1,
                    "self": 1.990000600926578e-05,
                    "children": {
                        "env_step": {
                            "total": 72.07486759999301,
                            "count": 1,
                            "self": 72.0748582999804,
                            "children": {
                                "SubprocessEnvManager._take_step": {
                                    "total": 9.300012607127428e-06,
                                    "count": 1,
                                    "self": 9.300012607127428e-06
                                }
                            }
                        }
                    }
                },
                "trainer_threads": {
                    "total": 1.300009898841381e-06,
                    "count": 1,
                    "self": 1.300009898841381e-06
                },
                "TrainerController._save_models": {
                    "total": 0.28902690001996234,
                    "count": 1,
                    "self": 0.032678799994755536,
                    "children": {
                        "RLTrainer._checkpoint": {
                            "total": 0.2563481000252068,
                            "count": 1,
                            "self": 0.2563481000252068
                        }
                    }
                }
            }
        }
    }
}